,Category Name,Category Number,Graph Name,x,y,Label
0,Web Graphs,0,web-BerkStan-dir,-36.272955736700794,-8.546522442013444,6
1,Web Graphs,0,web-BerkStan,-36.26593832730956,-8.49827622472451,6
2,Web Graphs,0,web-EPA,-38.294634470741634,-8.254575336582386,6
3,Web Graphs,0,web-Stanford,-36.49996121751005,-8.45154174557006,6
4,Web Graphs,0,web-arabic-2005,9.419453052923288,-6.320458107965616,7
5,Web Graphs,0,web-baidu-baike-related,-37.52219939145226,-9.723586800671644,6
6,Web Graphs,0,web-baidu-baike,-38.56734279776033,-10.469226915846155,6
7,Web Graphs,0,web-edu,0.12449463569773173,-11.961869878104663,7
8,Web Graphs,0,web-frwikinews-user-edits,-10.171800644908505,20.908076698762354,2
9,Web Graphs,0,web-google-dir,-35.68067846293781,-7.855088774229057,6
10,Web Graphs,0,web-google,6.73498520778174,-7.00805859605712,7
11,Web Graphs,0,web-hudong,-39.813688975347645,-10.760686050352627,6
12,Web Graphs,0,web-indochina-2004,7.149445335344693,-7.115623216975707,7
13,Web Graphs,0,web-it-2004,11.032733959218977,-7.258084099344876,7
14,Web Graphs,0,web-italycnr-2000,-36.8868390482875,-8.225905595786475,6
15,Web Graphs,0,web-polblogs,-10.983737080155942,-13.483238923480554,1
16,Web Graphs,0,web-sk-2005,6.463590619364563,-6.950165939219757,7
17,Web Graphs,0,web-spam,-11.031011165742862,-11.609570677477436,1
18,Web Graphs,0,web-uk-2005,8.41283454277826,-5.660529244798478,7
19,Web Graphs,0,web-webbase-2001,-38.83795812100227,-7.553067960036647,6
20,Web Graphs,0,web-wiki-ch-internal,-38.611796370904635,-10.633389422104036,6
21,Web Graphs,0,web-wikipedia2009,-38.3358215984911,-8.839515197288993,6
22,Technological Networks,1,tech-RL-caida,-39.485592732367095,-6.686181195156107,6
23,Technological Networks,1,tech-WHOIS,0.18014176976602236,-11.501893097158801,7
24,Technological Networks,1,tech-as-caida2007,-38.487358175433,-8.266570667527535,6
25,Technological Networks,1,tech-as-skitter,-38.846156108663,-10.318018233914511,6
26,Technological Networks,1,tech-internet-as,-38.52869967539189,-8.482012066289217,6
27,Technological Networks,1,tech-ip,-35.79262878308446,-10.958561551216247,6
28,Technological Networks,1,tech-p2p-gnutella,-39.12799477371704,-8.523591356925317,6
29,Technological Networks,1,tech-pgp,1.1777413717657077,-10.79681656556534,7
30,Technological Networks,1,tech-routers-rf,-1.5722133885026126,-12.238414851300702,7
31,Facebook Networks,2,socfb-A-anon,-38.75029035515685,-10.561801734020099,6
32,Facebook Networks,2,socfb-American75,-9.065729590935737,-11.300859106457903,1
33,Facebook Networks,2,socfb-Amherst41,-2.7577551986576063,-11.325664766483731,1
34,Facebook Networks,2,socfb-Auburn71,-11.982626387939847,-9.367833158117456,1
35,Facebook Networks,2,socfb-B-anon,-38.1493448799482,-12.601851103684876,6
36,Facebook Networks,2,socfb-BC17,-10.579812976377902,-8.740342679932938,1
37,Facebook Networks,2,socfb-BU10,-13.14260015780602,-7.78061109128613,1
38,Facebook Networks,2,socfb-Baylor93,-10.60712240421535,-9.687815089277008,1
39,Facebook Networks,2,socfb-Berkeley13,-13.577777995514712,-7.389793275730567,1
40,Facebook Networks,2,socfb-Bingham82,-9.644094203808162,-9.998096808121431,1
41,Facebook Networks,2,socfb-Bowdoin47,-3.563037748175492,-11.651038256389782,1
42,Facebook Networks,2,socfb-Brandeis99,-8.224379311638865,-11.009056878396532,1
43,Facebook Networks,2,socfb-Brown11,-10.980653917859437,-9.97091734829219,1
44,Facebook Networks,2,socfb-Bucknell39,-4.391362552818839,-11.492596150320706,1
45,Facebook Networks,2,socfb-CMU,-5.5254938744461235,-10.906424465424273,1
46,Facebook Networks,2,socfb-Cal65,-9.168186744095493,-10.1443550475336,1
47,Facebook Networks,2,socfb-Caltech36,-0.1522279143255198,-11.260379564971359,7
48,Facebook Networks,2,socfb-Carnegie49,-5.806308279176185,-10.828037563872096,1
49,Facebook Networks,2,socfb-Colgate88,-4.286627466406198,-11.282272597441542,1
50,Facebook Networks,2,socfb-Columbia2,-12.69527423148235,-7.713428859997434,1
51,Facebook Networks,2,socfb-Cornell5,-11.338222407830038,-8.846663802517387,1
52,Facebook Networks,2,socfb-Dartmouth6,-9.9156697281559,-9.422839660516102,1
53,Facebook Networks,2,socfb-Duke14,-7.918949517526567,-9.313869423999458,1
54,Facebook Networks,2,socfb-Emory27,-4.973356174135004,-10.509848257124784,1
55,Facebook Networks,2,socfb-FSU53,-9.641074930088006,-8.734536686535115,1
56,Facebook Networks,2,socfb-GWU54,-12.436320962838485,-6.602889844749526,1
57,Facebook Networks,2,socfb-Georgetown15,-9.906005551655262,-8.827768712429881,1
58,Facebook Networks,2,socfb-Hamilton46,-3.0335650014435016,-11.064839219844911,1
59,Facebook Networks,2,socfb-Harvard1,-10.698358389255135,-8.16916768659225,1
60,Facebook Networks,2,socfb-Haverford76,-1.8199875359639568,-10.845982373178579,1
61,Facebook Networks,2,socfb-Howard90,-7.464191015111629,-9.56521559127107,1
62,Facebook Networks,2,socfb-Indiana,-11.381787705989176,-8.155117331047485,1
63,Facebook Networks,2,socfb-Indiana69,-10.767356696816929,-6.596137215194181,1
64,Facebook Networks,2,socfb-JMU79,-13.100708646458893,-6.539588761433689,1
65,Facebook Networks,2,socfb-JohnsHopkins55,-4.654181332259091,-10.055645729501313,1
66,Facebook Networks,2,socfb-Lehigh96,-4.9079898892938365,-10.290954855185234,1
67,Facebook Networks,2,socfb-MIT,-3.4636908763571648,-9.415380921424811,1
68,Facebook Networks,2,socfb-MIT8,-6.195343334577472,-9.543313993418334,1
69,Facebook Networks,2,socfb-MSU24,-12.352990091874563,-5.80095058222859,1
70,Facebook Networks,2,socfb-MU78,-9.421306805143333,-7.50030951253286,1
71,Facebook Networks,2,socfb-Maine59,-9.937712963112071,-6.6033307602877285,1
72,Facebook Networks,2,socfb-Maryland58,-11.843127486585155,-6.4569679069439365,1
73,Facebook Networks,2,socfb-Mich67,-4.749521162650737,-8.934698698517943,1
74,Facebook Networks,2,socfb-Michigan23,-11.248858755746687,-6.409655458324692,1
75,Facebook Networks,2,socfb-Middlebury45,-3.2904120530787724,-10.346754220414422,1
76,Facebook Networks,2,socfb-Mississippi66,-6.228054987736483,-8.773256299417442,1
77,Facebook Networks,2,socfb-NYU9,-12.208820951180988,-4.032832428979985,1
78,Facebook Networks,2,socfb-Northeastern19,-11.762380737497669,-1.8062741470247143,1
79,Facebook Networks,2,socfb-Northwestern25,-7.442632274431183,-7.601878052153228,1
80,Facebook Networks,2,socfb-NotreDame57,-11.422906166528234,-5.273508619347565,1
81,Facebook Networks,2,socfb-OR,-8.847030249727213,-5.259659182685537,1
82,Facebook Networks,2,socfb-Oberlin44,-4.942877267982713,-7.352402364862787,1
83,Facebook Networks,2,socfb-Oklahoma97,-7.613579198782543,-5.205574908133066,1
84,Facebook Networks,2,socfb-Penn94,-11.867019741779014,-3.170223608798114,1
85,Facebook Networks,2,socfb-Pepperdine86,-3.1523981870233326,-9.16892750510052,1
86,Facebook Networks,2,socfb-Princeton12,-7.0752690654237815,-7.481107036909551,1
87,Facebook Networks,2,socfb-Reed98,-1.3648252362313955,-8.745793505020027,1
88,Facebook Networks,2,socfb-Rice31,-2.5985447855628463,-8.836171592857296,1
89,Facebook Networks,2,socfb-Rochester38,-2.634030995249086,-13.628944521997786,1
90,Facebook Networks,2,socfb-Rutgers89,-9.906083202290057,-4.675347852140298,1
91,Facebook Networks,2,socfb-Santa74,-3.0699733447130075,-8.688270972373465,1
92,Facebook Networks,2,socfb-Simmons81,-1.6172835569205326,-8.260104692839963,1
93,Facebook Networks,2,socfb-Smith60,-3.649173442258949,-9.53345238526668,1
94,Facebook Networks,2,socfb-Stanford3,-7.262903936531847,-6.597354281637356,1
95,Facebook Networks,2,socfb-Swarthmore42,-1.9864445496358336,-9.282472911497447,1
96,Facebook Networks,2,socfb-Syracuse56,-6.084939473547192,-6.725759860781483,1
97,Facebook Networks,2,socfb-Temple83,-10.279087364515004,-3.1554868449432827,1
98,Facebook Networks,2,socfb-Tennessee95,-10.107527391124425,-2.745827380647583,1
99,Facebook Networks,2,socfb-Texas80,-7.313852769398968,-5.304433737254178,1
100,Facebook Networks,2,socfb-Texas84,-11.793184371768112,-2.011643590214222,1
101,Facebook Networks,2,socfb-Trinity100,-1.9239271052592837,-9.398489515191217,1
102,Facebook Networks,2,socfb-Tufts18,-6.749544921652571,-5.336665844186052,1
103,Facebook Networks,2,socfb-Tulane29,-3.5111060542615813,-6.1528553254198215,1
104,Facebook Networks,2,socfb-UC33,-6.4340437874060274,-2.416033427581983,1
105,Facebook Networks,2,socfb-UC61,-4.528128513718961,-5.6618994086502585,1
106,Facebook Networks,2,socfb-UC64,-3.4863025358007698,-6.040660464699318,1
107,Facebook Networks,2,socfb-UCF52,-6.036493429610865,-3.402950441414977,1
108,Facebook Networks,2,socfb-UCLA,-7.6579252731202425,-3.4848905466540585,1
109,Facebook Networks,2,socfb-UCLA26,-6.384254948957106,-3.611676004956052,1
110,Facebook Networks,2,socfb-UCSB37,-6.272129204965933,-3.6938304629960697,1
111,Facebook Networks,2,socfb-UCSC68,-4.449216580999922,-4.660959749522764,1
112,Facebook Networks,2,socfb-UCSD34,-7.237524094095769,-1.950106890411152,1
113,Facebook Networks,2,socfb-UChicago30,-5.719507979982975,-4.558869063538634,1
114,Facebook Networks,2,socfb-UConn,-8.709795356927941,-1.0224791607301396,1
115,Facebook Networks,2,socfb-UConn91,-8.700056223116157,-3.01472945774064,1
116,Facebook Networks,2,socfb-UF,-10.104193986401675,-1.1194179124225416,1
117,Facebook Networks,2,socfb-UF21,-9.632791867722776,-0.7826718026161701,1
118,Facebook Networks,2,socfb-UGA50,-6.739155752330708,-1.4092429116805332,1
119,Facebook Networks,2,socfb-UIllinois,-5.831675459046795,-1.0538676932642783,1
120,Facebook Networks,2,socfb-UIllinois20,-7.966148478277053,-0.08054556006566416,1
121,Facebook Networks,2,socfb-UMass92,-10.451323249268984,-0.6318759293966947,1
122,Facebook Networks,2,socfb-UNC28,-10.296084924729145,-0.3523682059572488,1
123,Facebook Networks,2,socfb-UPenn7,-7.260709041652147,-1.555887736206487,1
124,Facebook Networks,2,socfb-USC35,-6.982330228912424,-0.5415035620514737,1
125,Facebook Networks,2,socfb-USF51,-4.46784876088207,-2.3730627011034247,1
126,Facebook Networks,2,socfb-USFCA72,-2.9549093008333966,-5.294390255613169,1
127,Facebook Networks,2,socfb-UVA16,-6.279628973907641,0.3028686987815774,1
128,Facebook Networks,2,socfb-Vanderbilt48,-1.9777116201992,-3.4787104813654013,1
129,Facebook Networks,2,socfb-Vassar85,-3.1911883760716386,-3.5639896590392315,1
130,Facebook Networks,2,socfb-Vermont70,-5.127989530617131,-1.666431938300775,1
131,Facebook Networks,2,socfb-Villanova62,-2.44170972912939,-2.997951634090428,1
132,Facebook Networks,2,socfb-Virginia63,-9.890810452618746,-0.1174735858885963,1
133,Facebook Networks,2,socfb-Wake73,-1.4347693697554833,-4.366708985862559,1
134,Facebook Networks,2,socfb-WashU32,-2.9003658394927334,-2.6859625533405223,1
135,Facebook Networks,2,socfb-Wellesley22,-3.8326683203652716,-3.073588584232912,1
136,Facebook Networks,2,socfb-Wesleyan43,-2.1354505855881403,-4.46833366546971,1
137,Facebook Networks,2,socfb-William77,-3.133511290468788,-2.869220328107488,1
138,Facebook Networks,2,socfb-Williams40,-1.6167756709309522,-4.989036380352178,1
139,Facebook Networks,2,socfb-Wisconsin87,-8.836140179748984,-0.24565507429094835,1
140,Facebook Networks,2,socfb-Yale4,-6.639615443237165,-0.9809192729443876,1
141,Facebook Networks,2,socfb-konect,-5.581591783800866,19.45456321680048,2
142,Facebook Networks,2,socfb-nips-ego,-20.580275813320235,10.689305924973018,2
143,Facebook Networks,2,socfb-uci-uni,-2.628031404499408,23.24334162679999,2
144,Facebook Networks,2,socfb-wosn-friends,-4.024663446327125,-1.378558459953488,1
145,Social Networks,3,soc-BlogCatalog,-5.161715614422444,6.866658110441942,5
146,Social Networks,3,soc-FourSquare,-20.512257590301466,10.326888121294662,2
147,Social Networks,3,soc-LiveMocha,-6.308024643682384,9.430539954183038,5
148,Social Networks,3,soc-Slashdot0811,-8.171811878279122,9.891991187575167,5
149,Social Networks,3,soc-Slashdot0902,-6.660706808074256,9.616382487354944,5
150,Social Networks,3,soc-academia,-5.400989824622867,8.390831260982244,5
151,Social Networks,3,soc-advogato,-3.8288666283639423,2.7847001438748893,5
152,Social Networks,3,soc-anybeat,-5.619078532994354,8.793669786695924,5
153,Social Networks,3,soc-brightkite,-3.335241994282819,3.1660459146128748,5
154,Social Networks,3,soc-buzznet,-9.937421666157178,3.4264109227202386,5
155,Social Networks,3,soc-catster,-9.927440834755156,3.3341512335118284,5
156,Social Networks,3,soc-delicious,-6.380121631654447,10.637474148447774,5
157,Social Networks,3,soc-digg,-4.468292607083661,9.459655403943568,5
158,Social Networks,3,soc-dogster,-3.839730836857521,9.870201837750312,5
159,Social Networks,3,soc-dolphins,1.835606651751948,-8.956185758908633,7
160,Social Networks,3,soc-douban,-7.280669313005617,11.131699556627613,5
161,Social Networks,3,soc-epinions,-3.2728919397790115,3.8059388461478503,5
162,Social Networks,3,soc-firm-hi-tech,0.9138400300387476,-8.356273728313631,7
163,Social Networks,3,soc-flickr-und,-1.5773445067336882,7.33209086122391,5
164,Social Networks,3,soc-flickr,-2.7415602144870967,1.0705722434851483,5
165,Social Networks,3,soc-flixster,-4.830473236749234,11.260810043241309,5
166,Social Networks,3,soc-google-plus,1.3895797252514759,-7.699908979508604,7
167,Social Networks,3,soc-gowalla,-5.480861960978059,8.68756942292853,5
168,Social Networks,3,soc-gplus,-5.7948343138470575,9.611907700034354,5
169,Social Networks,3,soc-hamsterster,0.4856946832207208,-7.824241506676182,7
170,Social Networks,3,soc-karate,1.802321829893166,-7.48841578373642,7
171,Social Networks,3,soc-lastfm,-5.90478744558648,11.044632462628968,5
172,Social Networks,3,soc-livejournal,-1.2882530892030648,7.247976984671165,5
173,Social Networks,3,soc-loc-brightkite,-3.075676166884393,3.1290992778296505,5
174,Social Networks,3,soc-orkut-dir,11.40877901657683,-18.36577569221236,7
175,Social Networks,3,soc-orkut,10.128361100559463,-16.93374531803482,7
176,Social Networks,3,soc-pokec,-2.359717519175711,8.577971430553301,5
177,Social Networks,3,soc-sign-Slashdot081106,-7.547231532214882,9.495600701302353,5
178,Social Networks,3,soc-sign-Slashdot090216,-7.541228167306485,9.50294960894701,5
179,Social Networks,3,soc-sign-Slashdot090221,-7.504130036071443,9.092151096912227,5
180,Social Networks,3,soc-sign-epinions,-2.8601325061321767,3.0628431949645645,5
181,Social Networks,3,soc-slashdot-trust-all,-7.235131119309803,7.074940518195075,5
182,Social Networks,3,soc-slashdot,-7.512671386962261,9.431218239006917,5
183,Social Networks,3,soc-themarker,-5.98014554145079,7.334936453109663,5
184,Social Networks,3,soc-tribes,7.973197162089327,-8.348992184016401,7
185,Social Networks,3,soc-twitter-follows-mun,-20.8514453432646,11.516379039813552,2
186,Social Networks,3,soc-twitter-follows,-20.85403480839101,11.513738107496915,2
187,Social Networks,3,soc-twitter-higgs,-3.162899446965596,9.538243138423928,5
188,Social Networks,3,soc-wiki-Talk-dir,-5.983939121053409,12.754288335692403,5
189,Social Networks,3,soc-wiki-Vote,-2.6462816408871155,2.5807533074485507,5
190,Social Networks,3,soc-wiki-elec,-2.60426577146115,2.1884054045948367,5
191,Social Networks,3,soc-youtube-snap,-8.215903468509179,11.439526687725136,5
192,Social Networks,3,soc-youtube,-6.968559000368392,9.717347752437028,5
193,Scientific Computing,4,sc-TSOPF-RS-b2383-c1,-6.433734565329863,16.709129395563906,2
194,Scientific Computing,4,sc-delaunay-n23,4.014553389090836,-8.292461703746206,7
195,Scientific Computing,4,sc-ldoor,8.135574535472532,-7.918757935371765,7
196,Scientific Computing,4,sc-msdoor,8.568542633609784,-8.047163312774188,7
197,Scientific Computing,4,sc-nasasrb,9.234340858762216,-9.512697788761923,7
198,Scientific Computing,4,sc-pkustk11,9.395972116767961,-10.389621593714207,7
199,Scientific Computing,4,sc-pkustk13,9.415351904850294,-10.219810397512491,7
200,Scientific Computing,4,sc-pwtk,8.595841758938429,-8.28725686013568,7
201,Scientific Computing,4,sc-rel9,-17.986862187456488,9.495147300632734,2
202,Scientific Computing,4,sc-shipsec1,4.6954631478426245,-8.410407048438524,7
203,Scientific Computing,4,sc-shipsec5,4.630923571215812,-10.547398847242386,7
204,Retweet Networks,5,rt-higgs,-9.355744844022537,11.053088466512463,5
205,Retweet Networks,5,rt-pol,-8.826212333065168,7.9492259930834255,5
206,Retweet Networks,5,rt-retweet-crawl,-8.882277845982735,11.501317822212036,5
207,Retweet Networks,5,rt-retweet,-9.348407094932682,5.146485692453488,5
208,Retweet Networks,5,rt-twitter-copen,-8.060188644690898,9.36136073126389,5
209,Retweet Networks,5,rt-alwefaq,-10.272847592648409,12.568688476155865,2
210,Retweet Networks,5,rt-assad,-13.313607157962199,10.104435992658725,2
211,Retweet Networks,5,rt-bahrain,-12.545602272872744,10.82898403483953,2
212,Retweet Networks,5,rt-barackobama,-20.323322283164195,11.247880408245543,2
213,Retweet Networks,5,rt-damascus,-12.630387134471778,12.047747166702905,2
214,Retweet Networks,5,rt-dash,-12.867561650200866,12.195708217053106,2
215,Retweet Networks,5,rt-gmanews,-20.373003570726897,12.432440189718552,2
216,Retweet Networks,5,rt-gop,-11.724165840885833,10.608575247168602,2
217,Retweet Networks,5,rt-http,-15.431975785211046,11.697215713568369,2
218,Retweet Networks,5,rt-islam,-17.233156394557017,12.148110111817438,2
219,Retweet Networks,5,rt-israel,-13.405286286048954,12.657160887305546,2
220,Retweet Networks,5,rt-justinbieber,-20.914843853969145,12.584026399870474,2
221,Retweet Networks,5,rt-ksa,-16.309367614568455,12.686379360870848,2
222,Retweet Networks,5,rt-lebanon,-14.95790798407799,11.174503417809133,2
223,Retweet Networks,5,rt-libya,-12.833352546471266,10.360449881006916,2
224,Retweet Networks,5,rt-lolgop,-21.287973811666753,12.764189636286789,2
225,Retweet Networks,5,rt-mittromney,-13.686056733593153,13.3974593866234,2
226,Retweet Networks,5,rt-obama,-14.436580392151244,10.742428702905825,2
227,Retweet Networks,5,rt-occupy,-12.700123357762171,11.660015105801936,2
228,Retweet Networks,5,rt-occupywallstnyc,-20.19523682065037,12.671420285689369,2
229,Retweet Networks,5,rt-oman,-12.79839744303722,11.91094443555022,2
230,Retweet Networks,5,rt-onedirection,-19.807735087118846,12.720874811893275,2
231,Retweet Networks,5,rt-p2,-13.308334132609145,10.065699427371293,2
232,Retweet Networks,5,rt-qatif,-16.964901732811278,12.342194532596594,2
233,Retweet Networks,5,rt-saudi,-18.16503327493371,12.494996831437314,2
234,Retweet Networks,5,rt-tcot,-12.921913600404228,14.037467617925525,2
235,Retweet Networks,5,rt-tlot,-13.041425200306922,13.09960847962043,2
236,Retweet Networks,5,rt-uae,-14.645572976389946,12.183029385262985,2
237,Retweet Networks,5,rt-voteonedirection,-17.307146476283528,13.032267979432092,2
238,Retweet Networks,5,rt-alwefaq,-11.242896817805184,13.848057552730465,2
239,Retweet Networks,5,rt-assad,-16.333161205236234,14.304644101905133,2
240,Retweet Networks,5,rt-bahrain,-17.20434001650365,17.966619159139448,2
241,Retweet Networks,5,rt-barackobama,-19.530440702312895,13.005539991576304,2
242,Retweet Networks,5,rt-damascus,-12.592366764053027,15.042409610166647,2
243,Retweet Networks,5,rt-dash,-15.539127456986284,13.459308995737148,2
244,Retweet Networks,5,rt-gmanews,-20.55986406361987,13.666435532811155,2
245,Retweet Networks,5,rt-gop,-15.289581471511726,15.965148615972756,2
246,Retweet Networks,5,rt-http,-16.686885310346447,15.451950783571322,2
247,Retweet Networks,5,rt-israel,-12.489257045552769,16.858263720003723,2
248,Retweet Networks,5,rt-justinbieber,-20.824432461126506,14.334363129005144,2
249,Retweet Networks,5,rt-ksa,-14.849645422370234,15.049352748680125,2
250,Retweet Networks,5,rt-lebanon,-15.150453088102472,15.040596041141276,2
251,Retweet Networks,5,rt-libya,-14.172040329079714,15.332092147810762,2
252,Retweet Networks,5,rt-lolgop,-20.945134679875977,13.8698350662405,2
253,Retweet Networks,5,rt-mittromney,-16.345486382799116,15.139426131541873,2
254,Retweet Networks,5,rt-obama,-16.07536977764047,15.855038379593227,2
255,Retweet Networks,5,rt-occupy,-14.11602812598482,15.769523412709331,2
256,Retweet Networks,5,rt-occupywallstnyc,-19.811107930334217,14.31119022916956,2
257,Retweet Networks,5,rt-oman,-13.56218287571818,17.26267030599644,2
258,Retweet Networks,5,rt-onedirection,-19.83139089647256,13.836964644332035,2
259,Retweet Networks,5,rt-p2,-13.249862841365905,16.826962493721787,2
260,Retweet Networks,5,rt-qatif,-18.20385695095328,14.305152626456412,2
261,Retweet Networks,5,rt-saudi,-17.883105439867673,14.129671582470625,2
262,Retweet Networks,5,rt-tcot,-14.449885193997938,22.789626330930233,2
263,Retweet Networks,5,rt-tlot,-14.423736102336084,16.739787859634216,2
264,Retweet Networks,5,rt-uae,-16.47625011978291,16.89341652290022,2
265,Retweet Networks,5,rt-voteonedirection,-17.902851730605928,14.761483081459275,2
266,Recommendation Networks,6,rec-amazon-ratings,-13.621459897833887,18.53404552062821,2
267,Recommendation Networks,6,rec-amazon,5.164552354236938,-9.291053634243813,7
268,Recommendation Networks,6,rec-dating,-10.599346223630825,16.7419493177826,2
269,Recommendation Networks,6,rec-eachmovie,-12.154534102157395,16.8383486587002,2
270,Recommendation Networks,6,rec-epinions,-9.546138608577074,15.434967217511462,2
271,Recommendation Networks,6,rec-github,-14.337838256315255,19.63701711842396,2
272,Recommendation Networks,6,rec-libimseti-dir,-4.899471362773406,17.631305397143183,5
273,Recommendation Networks,6,rec-movielens-tag-movies-10m,-14.378016709857569,20.186545073924176,2
274,Recommendation Networks,6,rec-movielens-user-movies-10m,-11.933274355247898,17.169428613077788,2
275,Recommendation Networks,6,rec-movielens-user-tag-10m,-14.976520524458973,20.503818495002395,2
276,Recommendation Networks,6,rec-movielens,-7.156739723573294,17.254452602829886,2
277,Recommendation Networks,6,rec-yahoo-songs,-4.98460142498555,17.218985809400493,5
278,Recommendation Networks,6,rec-yelp-user-business,-14.54060276520058,19.55419431489489,2
279,Massive Network Data,7,soc-orkut-dir,10.724978641750244,-17.969636093377655,7
280,Massive Network Data,7,soc-orkut,9.51935028046985,-15.192422743651882,7
281,Infrastructure Networks,8,inf-USAir97,6.484391969178188,-11.049777233518613,7
282,Infrastructure Networks,8,inf-euroroad,-13.224831991500528,20.828029114128164,2
283,Infrastructure Networks,8,inf-italy-osm,-13.062823777268354,18.68343793435397,2
284,Infrastructure Networks,8,inf-openflights,5.69042320932592,-11.557140628946474,7
285,Infrastructure Networks,8,inf-power,-10.210210613928476,20.182545274547216,2
286,Infrastructure Networks,8,inf-road-usa,-11.75404614651266,22.751866724358806,2
287,Infrastructure Networks,8,inf-roadNet-CA,-12.02592962559978,20.56832420021187,2
288,Infrastructure Networks,8,inf-roadNet-PA,-12.137307763405989,20.55844478746289,2
289,Interaction Networks,9,ia-dbpedia-team-bi,-15.722401219485118,18.662617570189656,2
290,Interaction Networks,9,ia-email-EU-dir,-15.058895392170033,17.965127699038547,2
291,Interaction Networks,9,ia-email-EU,-16.710893740013464,18.08362199001726,2
292,Interaction Networks,9,ia-email-univ,-8.997224985439997,19.94559671559481,2
293,Interaction Networks,9,ia-enron-email-dynamic,4.770388489645255,-11.985940449406659,7
294,Interaction Networks,9,ia-enron-large,-10.296623410353053,18.65697300802104,2
295,Interaction Networks,9,ia-enron-only,6.458842115575324,-9.812285526413367,7
296,Interaction Networks,9,ia-escorts-dynamic,-14.726230242875891,19.619136725908007,2
297,Interaction Networks,9,ia-fb-messages,-13.04665532666509,20.18001496623369,2
298,Interaction Networks,9,ia-infect-dublin,7.000689421834199,-9.917264695408994,7
299,Interaction Networks,9,ia-infect-hyper,7.481180164001554,-9.42696376003101,7
300,Interaction Networks,9,ia-radoslaw-email,-5.842878764142827,3.7447202407253983,5
301,Interaction Networks,9,ia-reality,-19.309981388519034,15.309069387610965,2
302,Interaction Networks,9,ia-southernwomen,9.394989969757491,-8.476631817765025,7
303,Interaction Networks,9,ia-wiki-Talk-dir,-10.018078228742613,15.613021180270186,2
304,Interaction Networks,9,ia-wiki-Talk,-12.792751216780797,20.35958014960186,2
305,Interaction Networks,9,ia-wiki-trust-dir,-10.899957710759503,18.865062843070774,2
306,Interaction Networks,9,ia-wiki-user-edits-page,-9.993621648958177,22.69603662091709,2
307,Interaction Networks,9,ia-wikiquote-user-edits,-11.208915660147607,19.44375903154645,2
308,Ecology Networks,10,eco-everglades,8.387232068375608,-10.249563490812626,7
309,Ecology Networks,10,eco-florida,5.976342769427375,-10.539592265761538,7
310,Ecology Networks,10,eco-foodweb-baydry,5.896721728315925,-11.735630193373124,7
311,Ecology Networks,10,eco-foodweb-baywet,4.351784726747022,-11.509740996135616,7
312,Ecology Networks,10,eco-mangwet,7.139867506020519,-9.725227078688203,7
313,Ecology Networks,10,eco-stmarks,6.400521005467961,-11.081418123502885,7
314,Collaboration Networks,11,ca-AstroPh,-10.455543107343306,-19.68669999611559,4
315,Collaboration Networks,11,ca-CSphd,-7.9662066033117,-23.081876643223968,4
316,Collaboration Networks,11,ca-CondMat,-10.54155582257824,-20.333512596178746,4
317,Collaboration Networks,11,ca-Erdos992,-8.485964872804379,-22.6598353777605,4
318,Collaboration Networks,11,ca-GrQc,23.73587782238437,-3.519570194685694,3
319,Collaboration Networks,11,ca-HepPh,23.726119846524657,-2.6827771831412304,3
320,Collaboration Networks,11,ca-IMDB,-8.230568709833884,-23.148579885076536,4
321,Collaboration Networks,11,ca-MathSciNet-dir,-9.629637194764936,-21.983924293686947,4
322,Collaboration Networks,11,ca-MathSciNet,-9.570847865893418,-22.051106190643782,4
323,Collaboration Networks,11,ca-citeseer,21.356934074164336,-6.0616061230353395,3
324,Collaboration Networks,11,ca-coauthors-dblp,23.658483542484035,-2.628410457677575,3
325,Collaboration Networks,11,ca-dblp-2010,20.345301768076638,-5.3114247801903485,3
326,Collaboration Networks,11,ca-dblp-2012,-10.155022878078038,-19.683897751298314,4
327,Collaboration Networks,11,ca-hollywood-2009,-9.813766351697145,-18.30127029306759,4
328,Collaboration Networks,11,ca-netscience,20.863869994315213,-6.0669469744381965,3
329,Collaboration Networks,11,ca-sandi-auths,-11.150242153691456,-20.745744169280933,4
330,Brain Networks,12,bn-cat-mixed-species-brain-1,23.152706523977,-2.732227178813809,3
331,Brain Networks,12,bn-fly-drosophila-medulla-1,16.306584502100016,-3.2097282249313928,3
332,Brain Networks,12,bn-human-BNU-1-0025864-session-1-bg,-25.892010829992785,-3.8147443190368153,0
333,Brain Networks,12,bn-human-BNU-1-0025864-session-2-bg,-27.83193171978053,-1.3654813478801855,0
334,Brain Networks,12,bn-human-BNU-1-0025865-session-1-bg,-29.84479690745127,-3.7173819247415496,0
335,Brain Networks,12,bn-human-BNU-1-0025865-session-2-bg,-28.562610036447936,-2.4683952039759456,0
336,Brain Networks,12,bn-human-BNU-1-0025867-session-1-bg,-27.569552551967,-3.4827009967475187,0
337,Brain Networks,12,bn-human-BNU-1-0025867-session-2-bg,-27.907806646560392,-4.069622465155192,0
338,Brain Networks,12,bn-human-BNU-1-0025868-session-1-bg,-27.29258567430961,-2.886411873781686,0
339,Brain Networks,12,bn-human-BNU-1-0025868-session-2-bg,-26.6961463383024,-1.1585610814482374,0
340,Brain Networks,12,bn-human-BNU-1-0025869-session-1-bg,-26.357848720025817,-3.3834461373022613,0
341,Brain Networks,12,bn-human-BNU-1-0025869-session-2-bg,-26.691473437237807,-1.9036763363194464,0
342,Brain Networks,12,bn-human-BNU-1-0025870-session-1-bg,-26.70158312759868,-3.7562876680126602,0
343,Brain Networks,12,bn-human-BNU-1-0025870-session-2-bg,-27.826447581948514,-3.0390742087121163,0
344,Brain Networks,12,bn-human-BNU-1-0025871-session-1-bg,-24.67472220313392,-3.7201234527456837,0
345,Brain Networks,12,bn-human-BNU-1-0025871-session-2-bg,-28.4936576947568,-4.413937312410722,0
346,Brain Networks,12,bn-human-BNU-1-0025872-session-1-bg,-26.237440903245325,-1.0783345431668392,0
347,Brain Networks,12,bn-human-BNU-1-0025872-session-2-bg,-28.067499577545533,-2.9663088214400446,0
348,Brain Networks,12,bn-human-BNU-1-0025873-session-1-bg,-25.98058917728524,-2.7580177636106864,0
349,Brain Networks,12,bn-human-BNU-1-0025873-session-2-bg,-26.959557408323906,-3.4022979192697345,0
350,Brain Networks,12,bn-human-BNU-1-0025874-session-2-bg,-26.447200570546713,-3.0793311137701296,0
351,Brain Networks,12,bn-human-BNU-1-0025876-session-1-bg,-27.288217654393225,-2.366913991556932,0
352,Brain Networks,12,bn-human-BNU-1-0025876-session-2-bg,-25.178868907086787,-2.227585699819075,0
353,Brain Networks,12,bn-human-BNU-1-0025878-session-1-bg,-25.637048914633983,-2.7217190750274423,0
354,Brain Networks,12,bn-human-BNU-1-0025886-session-1,-25.397378879414376,-3.6814223031648052,0
355,Brain Networks,12,bn-human-BNU-1-0025889-session-1,-26.25135958476057,-3.1819008159877167,0
356,Brain Networks,12,bn-human-BNU-1-0025889-session-2,-26.874555516522626,-4.69321837494458,0
357,Brain Networks,12,bn-human-BNU-1-0025912-session-2,-27.954666731556106,-2.0570654103000665,0
358,Brain Networks,12,bn-macaque-rhesus-brain-1,19.499987295687095,-5.475595932154383,3
359,Brain Networks,12,bn-macaque-rhesus-brain-2,19.493856379795638,-4.198192631963827,3
360,Brain Networks,12,bn-macaque-rhesus-cerebral-cortex-1,22.196153194365372,-4.569972534964456,3
361,Brain Networks,12,bn-macaque-rhesus-interareal-cortical-network-2,21.94057148391488,-3.93806290275812,3
362,Brain Networks,12,bn-mouse-brain-1,21.350733137660953,-3.1054096738425683,3
363,Brain Networks,12,bn-mouse-retina-1,22.657928185604163,0.10162328616481688,3
364,Brain Networks,12,bn-mouse-visual-cortex-1,-7.564394560529236,-22.238947982549032,4
365,Brain Networks,12,bn-mouse-visual-cortex-2,-7.255705090903262,-22.60055984043846,4
366,Biological Networks,13,bio-celegans-dir,18.630341516332134,-4.022782101246693,3
367,Biological Networks,13,bio-celegans,-9.090395335196105,-21.382793772823934,4
368,Biological Networks,13,bio-diseasome,20.723478583222523,-5.9840938767342,3
369,Biological Networks,13,bio-dmela,-7.926526188140657,-22.565977459265167,4
370,Biological Networks,13,bio-human-gene1,22.36934393309453,1.698296485335871,3
371,Biological Networks,13,bio-human-gene2,23.09128665462509,1.158308228509291,3
372,Biological Networks,13,bio-mouse-gene,22.480207038172132,-0.28892568020264386,3
373,Biological Networks,13,bio-yeast-protein-inter,-8.055831200177318,-22.01953429637713,4
374,Biological Networks,13,bio-yeast,-8.141420211782076,-22.01747424381379,4
375,Cheminformatics,14,ENZYMES-g460,-13.42418918133504,-22.35268198577223,4
376,Cheminformatics,14,ENZYMES-g180,-17.774378179880888,-16.69586128350186,4
377,Cheminformatics,14,ENZYMES-g518,24.86944514178179,-5.920624548939866,3
378,Cheminformatics,14,ENZYMES-g380,-17.221506115347847,-23.646140417729807,4
379,Cheminformatics,14,ENZYMES-g321,29.803602936054464,-3.611176524191015,3
380,Cheminformatics,14,ENZYMES-g508,23.81877420727284,-8.928712837538198,3
381,Cheminformatics,14,ENZYMES-g270,30.354287594317714,-1.1492084914253746,3
382,Cheminformatics,14,ENZYMES-g179,-18.19146474707073,-16.731495209080375,4
383,Cheminformatics,14,ENZYMES-g408,28.23577919715972,-4.5402436817388985,3
384,Cheminformatics,14,ENZYMES-g407,-14.541441403094678,-21.788438619277905,4
385,Cheminformatics,14,ENZYMES-g69,23.79817804228136,-4.91296966098975,3
386,Cheminformatics,14,ENZYMES-g193,32.20898481035878,-2.6313471012914236,3
387,Cheminformatics,14,ENZYMES-g343,28.596967914988078,-2.1579325096753577,3
388,Cheminformatics,14,ENZYMES-g143,-18.07275154127297,-16.13382891857364,4
389,Cheminformatics,14,ENZYMES-g559,-10.978655756374877,-23.015981464545675,4
390,Cheminformatics,14,ENZYMES-g419,-16.265880753155372,-23.927209197423025,4
391,Cheminformatics,14,ENZYMES-g322,30.140600608762607,-3.74559143858096,3
392,Cheminformatics,14,ENZYMES-g409,-16.63705560776722,-24.6749671876052,4
393,Cheminformatics,14,ENZYMES-g95,21.783790386267007,-6.442650518217782,3
394,Cheminformatics,14,ENZYMES-g422,-15.151915474835233,-22.74110931690216,4
395,Cheminformatics,14,ENZYMES-g430,-11.7254652503349,-24.59909368788415,4
396,Cheminformatics,14,ENZYMES-g485,-14.783421678587437,-22.768518997339235,4
397,Cheminformatics,14,ENZYMES-g318,29.946681051933567,-3.8501540776876766,3
398,Cheminformatics,14,ENZYMES-g252,30.760888560334106,-1.2059413006951292,3
399,Cheminformatics,14,ENZYMES-g548,25.11548925157036,-4.542661749824677,3
400,Cheminformatics,14,ENZYMES-g412,-16.00228657543264,-24.67847412292687,4
401,Cheminformatics,14,ENZYMES-g319,29.01488021512214,-1.560489547099445,3
402,Cheminformatics,14,ENZYMES-g362,28.64564512470339,-2.8776344116126875,3
403,Cheminformatics,14,ENZYMES-g214,32.57658709593152,-2.9330985938552523,3
404,Cheminformatics,14,ENZYMES-g389,28.71250362383973,-3.4493860142593373,3
405,Cheminformatics,14,ENZYMES-g421,-15.619370787198989,-22.428880894696317,4
406,Cheminformatics,14,ENZYMES-g335,29.699030840198002,-3.853315691112638,3
407,Cheminformatics,14,ENZYMES-g207,30.830760192843154,-0.5485275936130873,3
408,Cheminformatics,14,ENZYMES-g581,22.24341351113941,-6.844406513687457,3
409,Cheminformatics,14,ENZYMES-g434,-16.007573314573207,-24.744380300057177,4
410,Cheminformatics,14,ENZYMES-g577,23.360010431561776,-6.960067631546078,3
411,Cheminformatics,14,ENZYMES-g2,31.41154593107984,-2.226971490554765,3
412,Cheminformatics,14,ENZYMES-g576,23.83503221213438,-5.6085681857549226,3
413,Cheminformatics,14,ENZYMES-g333,28.88576090104639,-1.8599696051266588,3
414,Cheminformatics,14,ENZYMES-g304,-18.066288181610513,-20.382052715191847,4
415,Cheminformatics,14,ENZYMES-g282,-17.156930937295385,-18.407717780410408,4
416,Cheminformatics,14,ENZYMES-g181,-19.638182079983423,-18.26996957928652,4
417,Cheminformatics,14,ENZYMES-g199,-17.922204422615682,-17.169198879644746,4
418,Cheminformatics,14,ENZYMES-g570,-13.532439196000073,-23.23527997728005,4
419,Cheminformatics,14,ENZYMES-g305,-18.223716307980656,-20.89262497014909,4
420,Cheminformatics,14,ENZYMES-g349,-16.92888326814029,-20.046375567477977,4
421,Cheminformatics,14,ENZYMES-g540,-12.811941246676517,-22.48193457600143,4
422,Cheminformatics,14,ENZYMES-g438,-14.806926435949267,-22.60124479386835,4
423,Cheminformatics,14,ENZYMES-g194,-19.021685872875217,-17.891667828156322,4
424,Cheminformatics,14,ENZYMES-g523,-13.270689722521086,-22.401323777937986,4
425,Cheminformatics,14,ENZYMES-g195,-19.722826585295355,-18.55821630928693,4
426,Cheminformatics,14,ENZYMES-g325,-17.332242118221007,-20.390542869014137,4
427,Cheminformatics,14,ENZYMES-g113,-19.28471927046037,-16.542969520412143,4
428,Cheminformatics,14,ENZYMES-g527,-13.5348918717766,-21.44836798510657,4
429,Cheminformatics,14,ENZYMES-g532,-10.907126994616656,-23.7699500731652,4
430,Cheminformatics,14,ENZYMES-g224,-19.279798575346508,-18.984785575191868,4
431,Cheminformatics,14,ENZYMES-g415,-15.597685117819305,-23.14767378728618,4
432,Cheminformatics,14,ENZYMES-g509,-12.29330903881634,-23.491265126040197,4
433,Cheminformatics,14,ENZYMES-g444,-14.147161579205404,-23.05263053684299,4
434,Cheminformatics,14,ENZYMES-g178,-19.078769945482296,-17.865486731030096,4
435,Cheminformatics,14,ENZYMES-g149,-20.12926327217481,-17.951224837262448,4
436,Cheminformatics,14,ENZYMES-g591,-12.432284585457056,-21.52040482480213,4
437,Cheminformatics,14,ENZYMES-g16,-19.011596493398205,-17.361119230266464,4
438,Cheminformatics,14,ENZYMES-g599,-8.877144646538122,-23.296450861375572,4
439,Cheminformatics,14,ENZYMES-g292,-17.55152890933532,-19.40177626593964,4
440,Cheminformatics,14,ENZYMES-g344,28.24887453174428,-1.5814154328578218,3
441,Cheminformatics,14,ENZYMES-g78,22.89144436666413,-5.994903736304593,3
442,Cheminformatics,14,ENZYMES-g416,-15.092876049563616,-22.898730220896077,4
443,Cheminformatics,14,ENZYMES-g376,-16.101226618133467,-21.326730680384713,4
444,Cheminformatics,14,ENZYMES-g566,23.092210677041827,-8.019168988029461,3
445,Cheminformatics,14,ENZYMES-g582,22.64856885477097,-7.71550193536749,3
446,Cheminformatics,14,ENZYMES-g151,-19.647777784296625,-17.276982709067585,4
447,Cheminformatics,14,ENZYMES-g129,32.3335623346712,0.05267759018991458,3
448,Cheminformatics,14,ENZYMES-g136,32.44665968558759,0.8827984727999956,3
449,Cheminformatics,14,ENZYMES-g132,32.32156110351225,-0.250713569619598,3
450,Cheminformatics,14,ENZYMES-g565,25.18805563952916,-5.941613668540843,3
451,Cheminformatics,14,ENZYMES-g50,25.72990688911709,-2.4011401993704853,3
452,Cheminformatics,14,ENZYMES-g457,-11.07214797341084,-24.09498951400713,4
453,Cheminformatics,14,ENZYMES-g138,32.57411808815868,-0.7763559931560682,3
454,Cheminformatics,14,ENZYMES-g351,-16.111868266659382,-20.972311113378137,4
455,Cheminformatics,14,ENZYMES-g126,-18.285315932342645,-16.010961264962233,4
456,Cheminformatics,14,ENZYMES-g330,-17.580184111380696,-21.063253423203832,4
457,Cheminformatics,14,ENZYMES-g155,-19.801857355352038,-17.174667906482004,4
458,Cheminformatics,14,ENZYMES-g482,-13.850060764816833,-22.39528712464453,4
459,Cheminformatics,14,ENZYMES-g469,26.39991647186733,-3.877965813683685,3
460,Cheminformatics,14,ENZYMES-g467,-15.22563570083249,-25.090187948598647,4
461,Cheminformatics,14,ENZYMES-g156,-20.631768034599503,-17.874511532773017,4
462,Cheminformatics,14,ENZYMES-g257,30.06840529961457,-0.6287963150132553,3
463,Cheminformatics,14,ENZYMES-g34,28.251247175750198,-0.6069217563867205,3
464,Cheminformatics,14,ENZYMES-g314,-18.316850188213856,-20.915384712377232,4
465,Cheminformatics,14,ENZYMES-g57,25.222216104488226,-3.5098053742152118,3
466,Cheminformatics,14,ENZYMES-g163,31.86275418943393,-0.2352694490200337,3
467,Cheminformatics,14,ENZYMES-g385,-17.852320044622136,-23.811919793732372,4
468,Cheminformatics,14,ENZYMES-g466,-13.76666832252056,-21.85310827702839,4
469,Cheminformatics,14,ENZYMES-g188,31.92981781195817,-1.8767149434477717,3
470,Cheminformatics,14,ENZYMES-g427,26.65886479115757,-2.1048500323909733,3
471,Cheminformatics,14,ENZYMES-g537,-12.870499372216866,-21.092460676739467,4
472,Cheminformatics,14,ENZYMES-g116,33.06025045390289,-0.5240019194398516,3
473,Cheminformatics,14,ENZYMES-g31,30.559236635342067,-3.9266254737708617,3
474,Cheminformatics,14,ENZYMES-g230,31.72826662933919,-2.7566349982070286,3
475,Cheminformatics,14,ENZYMES-g92,22.22150988131685,-6.822470030743145,3
476,Cheminformatics,14,ENZYMES-g496,25.102319986363298,-6.28450488804884,3
477,Cheminformatics,14,ENZYMES-g167,32.79956490434291,-1.9939580048535903,3
478,Cheminformatics,14,ENZYMES-g539,24.36050722569089,-7.392981709541893,3
479,Cheminformatics,14,ENZYMES-g500,24.42129848854016,-8.312037815662347,3
480,Cheminformatics,14,ENZYMES-g218,-19.93476103442028,-19.32776978620318,4
481,Cheminformatics,14,ENZYMES-g86,21.983574588327297,-6.137911241075491,3
482,Cheminformatics,14,ENZYMES-g17,32.79409654431592,-3.336721001326127,3
483,Cheminformatics,14,ENZYMES-g553,24.87274765437088,-5.203052812702519,3
484,Cheminformatics,14,ENZYMES-g290,29.72475359118892,-1.3997126398711446,3
485,Cheminformatics,14,ENZYMES-g26,32.47477108982284,-2.4384070070089923,3
486,Cheminformatics,14,ENZYMES-g535,24.03062910123322,-7.037028377469971,3
487,Cheminformatics,14,ENZYMES-g1,33.29210586589981,-1.2483100956242041,3
488,Cheminformatics,14,ENZYMES-g580,24.325851929158247,-6.9739364923167075,3
489,Cheminformatics,14,ENZYMES-g84,23.241444078351947,-6.717989593544294,3
490,Cheminformatics,14,ENZYMES-g490,26.044294439005046,-5.981027290137153,3
491,Cheminformatics,14,ENZYMES-g288,29.44974762366384,-1.2552077310712977,3
492,Cheminformatics,14,ENZYMES-g552,23.82695497378301,-6.890287172722879,3
493,Cheminformatics,14,ENZYMES-g410,28.013980516951328,-3.8906731739283735,3
